{
    "H_4": [
        7.92762950379019, 
        0.2808988764044944, 
        0.0
    ], 
    "H_2": [
        3.744610458516663, 
        0.2808988764044944, 
        0.0
    ], 
    "H_3": [
        1.1991459453373317, 
        0.2808988764044944, 
        0.0
    ], 
    "H_1": [
        131.4189333351544, 
        0.2808988764044944, 
        2.88510161455102
    ], 
    "N_4": [
        4201.063237934134, 
        0.28735632183908044, 
        58.3489699738895
    ], 
    "O_2": [
        2949.909389799026, 
        0.25252525252525254, 
        13.327102823949131
    ], 
    "N_1": [
        998.5869722325546, 
        0.28735632183908044, 
        14.58843438442928
    ], 
    "N_2": [
        1060.9798727591815, 
        0.28735632183908044, 
        14.490802968655059
    ], 
    "N_3": [
        1989.266007072781, 
        0.28735632183908044, 
        24.631203944610508
    ], 
    "C_3": [
        2802.11491114293, 
        0.2777777777777778, 
        17.637187809497817
    ], 
    "C_2": [
        1069.9553298781282, 
        0.2777777777777778, 
        14.873659072551003
    ], 
    "C_4": [
        1363.6372616592744, 
        0.2777777777777778, 
        10.139986405187829
    ], 
    "O_1": [
        2498.224174209171, 
        0.25252525252525254, 
        13.066545096500727
    ]
}